{
  "selected_model": "random_forest",
  "threshold": 0.58,
  "input_file": "/Users/boratonaj/Documents/GWU_Study_Course/Spring_Class_2026/responsible_AI/Group_5_Capstone_Project/data/processed/hmda_lar_2024_cleaned.csv",
  "metrics_test": {
    "accuracy": 0.99805,
    "auc": 0.9999193831471067,
    "log_loss": 0.04386822059811872,
    "f1": 0.998711439553299,
    "tpr": 0.9980629113561822,
    "tnr": 0.9980097453846681,
    "fpr": 0.0019902546153318236,
    "fnr": 0.0019370886438178257,
    "positive_rate": 0.7561666666666667
  },
  "robustness": {
    "mean_psi": 0.46006152564838415,
    "max_psi": 18.632450582229957,
    "perturb_auc": 0.8076029164187406,
    "perturb_auc_drop": 0.1923164667283661
  }
}